{
    "answers": {
        "request001": [
            {
                "result": "true"
            },
            [
                [
                    {
                        "docid": 4,
                        "rank": 1.0
                    }
                ]
            ]
        ],
        "request002": [
            {
                "result": "true"
            },
            [
                [
                    {
                        "docid": 0,
                        "rank": 0.1666666716337204
                    }
                ],
                [
                    {
                        "docid": 1,
                        "rank": 0.1666666716337204
                    }
                ],
                [
                    {
                        "docid": 2,
                        "rank": 0.3333333432674408
                    }
                ],
                [
                    {
                        "docid": 3,
                        "rank": 0.1666666716337204
                    }
                ],
                [
                    {
                        "docid": 4,
                        "rank": 0.1666666716337204
                    }
                ],
                [
                    {
                        "docid": 5,
                        "rank": 0.3333333432674408
                    }
                ]
            ]
        ]
    }
}